"Labour Force Status by Sex by Sing/Comb Ethnic Group (Qrtly-Mar/Jun/Sep/Dec)","","","","","","","","","","","","","","","","","","","","","","","","","","","","","","","","","","","","","","","","","","","","","","","","","","","","","","","","","","","","","","","","","","","","","","","","","","","","","","","","","","","","","","","","","","","","","","","","","","","","","","","","","","","","","","","","","","","","","","","","","","","","","","","","","","","","","","","","","","","","","","","","","","","","","","","","","","","","","","","","","","","","","","","","","","","","","","","","","","","","","","","","","","","","","","","","","","","","","","","","","","","","","","","","","","","","","","","","","","","","","","","","","","","","","","","","","","","","","","","",""
"","Male","","","","","","","","","","","","","","","","","","","","","","","","","","","","","","","","","","","","","","","","","","","","","","","","","","","","","","","","","","","","","","","","","","","","","","","","","","","","","","","","Female","","","","","","","","","","","","","","","","","","","","","","","","","","","","","","","","","","","","","","","","","","","","","","","","","","","","","","","","","","","","","","","","","","","","","","","","","","","","","","","","Total Both Sexes","","","","","","","","","","","","","","","","","","","","","","","","","","","","","","","","","","","","","","","","","","","","","","","","","","","","","","","","","","","","","","","","","","","","","","","","","","","","","","",""
" ","European Only","","","","","","","","Maori Only","","","","","","","","Pacific Peoples Only","","","","","","","","Asian Only","","","","","","","","MELAA Only","","","","","","","","Other Ethnicity Only","","","","","","","","European/Maori","","","","","","","","Two or More Groups Not Elsewhere Included","","","","","","","","Residual Categories","","","","","","","","Total All Ethnic Groups","","","","","","","","European Only","","","","","","","","Maori Only","","","","","","","","Pacific Peoples Only","","","","","","","","Asian Only","","","","","","","","MELAA Only","","","","","","","","Other Ethnicity Only","","","","","","","","European/Maori","","","","","","","","Two or More Groups Not Elsewhere Included","","","","","","","","Residual Categories","","","","","","","","Total All Ethnic Groups","","","","","","","","European Only","","","","","","","","Maori Only","","","","","","","","Pacific Peoples Only","","","","","","","","Asian Only","","","","","","","","MELAA Only","","","","","","","","Other Ethnicity Only","","","","","","","","European/Maori","","","","","","","","Two or More Groups Not Elsewhere Included","","","","","","","","Residual Categories","","","","","","","","Total All Ethnic Groups","","","","","","",""
" ","Persons Employed in Labour Force","Persons Unemployed in Labour Force","Not in Labour Force","Working Age Population","Labour Force Participation Rate","Unemployment Rate","Employment Rate","Total Labour Force","Persons Employed in Labour Force","Persons Unemployed in Labour Force","Not in Labour Force","Working Age Population","Labour Force Participation Rate","Unemployment Rate","Employment Rate","Total Labour Force","Persons Employed in Labour Force","Persons Unemployed in Labour Force","Not in Labour Force","Working Age Population","Labour Force Participation Rate","Unemployment Rate","Employment Rate","Total Labour Force","Persons Employed in Labour Force","Persons Unemployed in Labour Force","Not in Labour Force","Working Age Population","Labour Force Participation Rate","Unemployment Rate","Employment Rate","Total Labour Force","Persons Employed in Labour Force","Persons Unemployed in Labour Force","Not in Labour Force","Working Age Population","Labour Force Participation Rate","Unemployment Rate","Employment Rate","Total Labour Force","Persons Employed in Labour Force","Persons Unemployed in Labour Force","Not in Labour Force","Working Age Population","Labour Force Participation Rate","Unemployment Rate","Employment Rate","Total Labour Force","Persons Employed in Labour Force","Persons Unemployed in Labour Force","Not in Labour Force","Working Age Population","Labour Force Participation Rate","Unemployment Rate","Employment Rate","Total Labour Force","Persons Employed in Labour Force","Persons Unemployed in Labour Force","Not in Labour Force","Working Age Population","Labour Force Participation Rate","Unemployment Rate","Employment Rate","Total Labour Force","Persons Employed in Labour Force","Persons Unemployed in Labour Force","Not in Labour Force","Working Age Population","Labour Force Participation Rate","Unemployment Rate","Employment Rate","Total Labour Force","Persons Employed in Labour Force","Persons Unemployed in Labour Force","Not in Labour Force","Working Age Population","Labour Force Participation Rate","Unemployment Rate","Employment Rate","Total Labour Force","Persons Employed in Labour Force","Persons Unemployed in Labour Force","Not in Labour Force","Working Age Population","Labour Force Participation Rate","Unemployment Rate","Employment Rate","Total Labour Force","Persons Employed in Labour Force","Persons Unemployed in Labour Force","Not in Labour Force","Working Age Population","Labour Force Participation Rate","Unemployment Rate","Employment Rate","Total Labour Force","Persons Employed in Labour Force","Persons Unemployed in Labour Force","Not in Labour Force","Working Age Population","Labour Force Participation Rate","Unemployment Rate","Employment Rate","Total Labour Force","Persons Employed in Labour Force","Persons Unemployed in Labour Force","Not in Labour Force","Working Age Population","Labour Force Participation Rate","Unemployment Rate","Employment Rate","Total Labour Force","Persons Employed in Labour Force","Persons Unemployed in Labour Force","Not in Labour Force","Working Age Population","Labour Force Participation Rate","Unemployment Rate","Employment Rate","Total Labour Force","Persons Employed in Labour Force","Persons Unemployed in Labour Force","Not in Labour Force","Working Age Population","Labour Force Participation Rate","Unemployment Rate","Employment Rate","Total Labour Force","Persons Employed in Labour Force","Persons Unemployed in Labour Force","Not in Labour Force","Working Age Population","Labour Force Participation Rate","Unemployment Rate","Employment Rate","Total Labour Force","Persons Employed in Labour Force","Persons Unemployed in Labour Force","Not in Labour Force","Working Age Population","Labour Force Participation Rate","Unemployment Rate","Employment Rate","Total Labour Force","Persons Employed in Labour Force","Persons Unemployed in Labour Force","Not in Labour Force","Working Age Population","Labour Force Participation Rate","Unemployment Rate","Employment Rate","Total Labour Force","Persons Employed in Labour Force","Persons Unemployed in Labour Force","Not in Labour Force","Working Age Population","Labour Force Participation Rate","Unemployment Rate","Employment Rate","Total Labour Force","Persons Employed in Labour Force","Persons Unemployed in Labour Force","Not in Labour Force","Working Age Population","Labour Force Participation Rate","Unemployment Rate","Employment Rate","Total Labour Force","Persons Employed in Labour Force","Persons Unemployed in Labour Force","Not in Labour Force","Working Age Population","Labour Force Participation Rate","Unemployment Rate","Employment Rate","Total Labour Force","Persons Employed in Labour Force","Persons Unemployed in Labour Force","Not in Labour Force","Working Age Population","Labour Force Participation Rate","Unemployment Rate","Employment Rate","Total Labour Force","Persons Employed in Labour Force","Persons Unemployed in Labour Force","Not in Labour Force","Working Age Population","Labour Force Participation Rate","Unemployment Rate","Employment Rate","Total Labour Force","Persons Employed in Labour Force","Persons Unemployed in Labour Force","Not in Labour Force","Working Age Population","Labour Force Participation Rate","Unemployment Rate","Employment Rate","Total Labour Force","Persons Employed in Labour Force","Persons Unemployed in Labour Force","Not in Labour Force","Working Age Population","Labour Force Participation Rate","Unemployment Rate","Employment Rate","Total Labour Force","Persons Employed in Labour Force","Persons Unemployed in Labour Force","Not in Labour Force","Working Age Population","Labour Force Participation Rate","Unemployment Rate","Employment Rate","Total Labour Force","Persons Employed in Labour Force","Persons Unemployed in Labour Force","Not in Labour Force","Working Age Population","Labour Force Participation Rate","Unemployment Rate","Employment Rate","Total Labour Force","Persons Employed in Labour Force","Persons Unemployed in Labour Force","Not in Labour Force","Working Age Population","Labour Force Participation Rate","Unemployment Rate","Employment Rate","Total Labour Force","Persons Employed in Labour Force","Persons Unemployed in Labour Force","Not in Labour Force","Working Age Population","Labour Force Participation Rate","Unemployment Rate","Employment Rate","Total Labour Force"
"2007Q4",855.8,20.0,280.0,1155.8,75.8,2.3,74.0,875.8,71.1,6.1,28.1,105.3,73.4,7.9,67.6,77.2,42.8,1.5,18.9,63.2,70.1,3.5,67.7,44.3,95.9,5.2,32.2,133.2,75.9,5.1,72.0,101.1,9.8,"..",3.5,14.2,75.0,"..",69.0,10.6,5.9,"..",1.1,7.2,84.1,"..",82.0,6.1,60.1,4.7,13.9,78.8,82.4,7.3,76.4,64.9,28.2,1.2,7.1,36.5,80.5,4.0,77.3,29.3,7.3,"..",1.7,9.3,81.8,"..",77.7,7.6,1176.9,40.1,386.6,1603.6,75.9,3.3,73.4,1217.0,763.3,16.6,441.6,1221.6,63.8,2.1,62.5,780.0,62.7,6.5,49.2,118.4,58.4,9.4,53.0,69.2,36.9,2.8,31.4,71.2,55.9,7.1,51.9,39.8,76.2,4.7,64.1,145.0,55.8,5.8,52.5,80.9,4.3,"..",8.2,13.2,37.9,"..",32.9,5.0,5.7,"..",1.9,7.6,74.6,"..",74.6,5.7,54.1,2.4,28.2,84.7,66.7,4.2,63.9,56.5,21.5,1.8,13.0,36.3,64.1,7.7,59.2,23.3,5.8,"..",4.0,10.1,60.0,"..",57.5,6.1,1030.6,35.7,641.7,1708.0,62.4,3.3,60.3,1066.3,1619.1,36.6,721.7,2377.4,69.6,2.2,68.1,1655.7,133.8,12.6,77.3,223.7,65.5,8.6,59.8,146.4,79.7,4.4,50.3,134.4,62.6,5.2,59.3,84.1,172.1,9.9,96.3,278.3,65.4,5.4,61.8,182.0,14.1,1.5,11.7,27.3,57.1,9.6,51.6,15.6,11.6,"..",3.1,14.8,79.2,"..",78.2,11.7,114.3,7.1,42.1,163.5,74.3,5.9,69.9,121.4,49.7,3.0,20.1,72.8,72.3,5.6,68.3,52.6,13.1,"..",5.7,19.5,70.5,"..",67.2,13.7,2207.5,75.8,1028.3,3311.6,68.9,3.3,66.7,2283.3
"2008Q1",863.0,25.4,283.5,1171.9,75.8,2.9,73.6,888.5,69.1,7.5,31.4,107.9,71.0,9.7,64.1,76.6,41.1,3.4,18.1,62.6,71.1,7.6,65.6,44.5,90.9,3.8,36.4,131.2,72.2,4.1,69.3,94.8,9.3,"..",4.9,14.7,66.4,"..",63.1,9.8,6.8,"..",1.9,9.2,79.8,"..",74.5,7.3,56.9,4.4,19.6,80.9,75.8,7.2,70.3,61.3,17.0,1.6,5.4,24.0,77.6,8.7,70.9,18.6,4.1,"..",2.6,6.9,62.4,"..",59.1,4.3,1158.3,47.4,403.7,1609.4,74.9,3.9,72.0,1205.7,737.5,24.5,456.5,1218.5,62.5,3.2,60.5,762.0,60.5,7.3,54.9,122.8,55.3,10.8,49.3,67.9,33.4,3.7,33.3,70.4,52.7,10.0,47.4,37.1,79.0,6.6,70.7,156.3,54.8,7.7,50.5,85.6,5.0,1.2,7.4,13.6,45.4,19.0,36.8,6.2,6.6,"..",4.2,10.9,61.4,"..",60.4,6.7,55.3,4.2,27.2,86.7,68.7,7.1,63.8,59.5,15.6,"..",9.2,25.3,63.8,"..",61.7,16.2,5.6,"..",2.7,8.6,69.0,"..",65.1,6.0,998.6,48.6,666.1,1713.3,61.1,4.6,58.3,1047.1,1600.5,49.9,740.0,2390.5,69.0,3.0,67.0,1650.5,129.7,14.8,86.3,230.8,62.6,10.2,56.2,144.5,74.5,7.1,51.4,133.0,61.3,8.7,56.0,81.6,169.9,10.5,107.1,287.5,62.8,5.8,59.1,180.4,14.3,1.7,12.4,28.3,56.3,10.4,50.4,16.0,13.4,"..",6.1,20.1,69.8,"..",66.8,14.0,112.2,8.7,46.8,167.6,72.1,7.2,66.9,120.8,32.6,2.2,14.5,49.3,70.5,6.2,66.2,34.8,9.7,"..",5.3,15.6,66.1,"..",62.5,10.3,2156.9,96.0,1069.8,3322.7,67.8,4.3,64.9,2252.8
"2008Q2",850.1,26.0,280.7,1156.8,75.7,3.0,73.5,876.1,67.2,5.7,27.4,100.2,72.7,7.8,67.0,72.8,42.2,2.4,18.0,62.5,71.2,5.3,67.4,44.5,98.3,4.2,44.5,146.9,69.7,4.1,66.9,102.5,9.6,2.0,3.3,14.9,77.7,17.2,64.4,11.6,11.2,"..",2.9,14.6,80.0,"..",77.1,11.6,64.3,5.2,18.9,88.4,78.6,7.5,72.7,69.5,17.2,"..",5.5,23.5,76.7,4.8,73.0,18.0,2.7,"..",3.0,5.7,46.8,"..",46.8,2.7,1162.7,46.6,404.2,1613.5,74.9,3.9,72.1,1209.3,744.6,19.8,442.5,1206.9,63.3,2.6,61.7,764.4,59.0,5.4,47.1,111.5,57.8,8.4,52.9,64.4,34.9,3.2,31.7,69.8,54.6,8.3,50.1,38.1,87.6,5.9,69.5,163.0,57.4,6.3,53.8,93.6,6.6,1.0,8.9,16.5,45.8,13.4,39.7,7.6,8.8,1.1,6.6,16.6,60.0,11.4,53.2,9.9,59.8,3.8,34.3,97.8,65.0,5.9,61.1,63.5,17.5,"..",10.4,28.6,63.6,"..",61.2,18.2,2.8,"..",3.3,6.1,45.9,"..",45.9,2.8,1021.6,40.8,654.4,1716.8,61.9,3.8,59.5,1062.4,1594.7,45.7,723.2,2363.6,69.4,2.8,67.5,1640.4,126.2,11.1,74.5,211.8,64.8,8.1,59.6,137.3,77.1,5.5,49.7,132.3,62.4,6.7,58.3,82.6,186.0,10.1,113.9,310.0,63.2,5.1,60.0,196.0,16.1,3.0,12.3,31.4,61.0,15.7,51.4,19.1,20.0,1.6,9.6,31.2,69.3,7.2,64.3,21.6,124.0,8.9,53.2,186.2,71.4,6.7,66.6,133.0,34.7,1.6,15.9,52.1,69.5,4.3,66.5,36.2,5.5,"..",6.3,11.8,46.3,"..",46.3,5.5,2184.3,87.5,1058.6,3330.3,68.2,3.9,65.6,2271.7
"2008Q3",839.6,29.8,285.9,1155.3,75.2,3.4,72.7,869.4,71.7,8.7,30.7,111.1,72.3,10.8,64.5,80.3,45.2,3.3,19.4,67.9,71.5,6.9,66.6,48.6,101.3,3.8,41.0,146.0,71.9,3.6,69.3,105.0,8.1,"..",6.7,15.5,57.1,"..",52.2,8.9,10.5,"..",4.1,14.7,71.9,"..",71.5,10.6,57.2,4.6,18.2,80.0,77.3,7.5,71.5,61.8,18.1,"..",5.0,23.7,79.0,3.1,76.6,18.7,2.9,"..","..",3.3,88.8,"..",88.8,2.9,1154.7,51.5,411.4,1617.6,74.6,4.3,71.4,1206.2,746.3,21.5,439.2,1207.0,63.6,2.8,61.8,767.9,62.0,5.6,50.5,118.0,57.2,8.2,52.5,67.5,39.0,3.6,33.9,76.5,55.7,8.5,51.0,42.6,86.4,5.4,68.4,160.3,57.3,5.9,53.9,91.8,6.8,"..",9.5,17.2,44.7,"..",39.6,7.7,11.4,"..",6.9,19.0,63.7,"..",59.8,12.1,57.2,3.5,31.5,92.2,65.9,5.7,62.1,60.7,16.4,1.1,8.8,26.4,66.5,6.5,62.2,17.6,3.3,"..","..",3.9,86.4,"..",85.0,3.4,1028.9,42.4,649.2,1720.5,62.3,4.0,59.8,1071.3,1585.9,51.3,725.1,2362.3,69.3,3.1,67.1,1637.2,133.7,14.2,81.2,229.1,64.6,9.6,58.3,147.9,84.2,7.0,53.2,144.5,63.2,7.7,58.3,91.2,187.7,9.2,109.5,306.3,64.3,4.7,61.3,196.8,14.9,1.6,16.2,32.8,50.6,9.9,45.6,16.6,21.9,"..",11.0,33.7,67.3,"..",64.9,22.7,114.4,8.1,49.6,172.2,71.2,6.6,66.5,122.5,34.6,1.7,13.8,50.1,72.4,4.7,69.0,36.3,6.3,"..","..",7.2,87.5,"..",86.8,6.3,2183.6,93.9,1060.6,3338.1,68.2,4.1,65.4,2277.6
"2008Q4",854.8,29.5,274.7,1158.9,76.3,3.3,73.8,884.2,76.1,8.5,28.5,113.1,74.8,10.0,67.3,84.5,47.7,3.3,17.5,68.4,74.5,6.4,69.7,51.0,106.4,6.2,33.9,146.6,76.9,5.5,72.6,112.7,8.4,"..",4.7,13.7,66.0,"..",61.3,9.0,13.5,"..",4.1,18.1,77.1,"..",74.9,14.0,57.9,4.0,17.2,79.2,78.2,6.4,73.2,61.9,17.6,1.2,4.5,23.3,80.7,6.5,75.5,18.8,1.6,"..","..",2.2,81.6,"..",75.7,1.8,1184.1,53.8,385.5,1623.4,76.3,4.3,72.9,1237.9,754.8,23.6,437.1,1215.4,64.0,3.0,62.1,778.4,65.7,6.9,46.8,119.3,60.8,9.5,55.0,72.5,37.7,4.0,32.0,73.7,56.6,9.5,51.2,41.7,89.9,6.9,66.5,163.3,59.3,7.2,55.0,96.8,4.2,"..",6.4,11.5,43.9,"..",36.4,5.0,12.6,"..",7.6,20.9,63.5,"..",60.0,13.3,60.3,4.9,25.6,90.8,71.7,7.5,66.4,65.1,16.4,1.1,10.1,27.6,63.3,6.4,59.3,17.5,2.3,"..","..",3.1,75.7,"..",74.5,2.4,1043.9,49.0,633.0,1725.8,63.3,4.5,60.5,1092.8,1609.6,53.1,711.7,2374.3,70.0,3.2,67.8,1662.6,141.7,15.3,75.4,232.4,67.6,9.8,61.0,157.1,85.4,7.2,49.5,142.1,65.2,7.8,60.1,92.7,196.3,13.2,100.4,309.9,67.6,6.3,63.4,209.5,12.6,1.5,11.1,25.2,55.9,10.7,49.9,14.1,26.1,1.1,11.8,39.0,69.8,4.1,66.9,27.2,118.2,8.8,42.9,169.9,74.8,7.0,69.6,127.1,34.0,2.3,14.6,50.9,71.3,6.5,66.7,36.3,4.0,"..",1.2,5.3,78.1,"..",75.0,4.1,2227.9,102.8,1018.5,3349.2,69.6,4.4,66.5,2330.7
"2009Q1",845.0,35.4,279.4,1159.8,75.9,4.0,72.9,880.4,75.4,8.4,35.7,119.5,70.1,10.1,63.1,83.8,41.9,7.3,18.4,67.6,72.8,14.8,62.0,49.2,99.7,6.6,40.1,146.4,72.6,6.2,68.1,106.3,8.1,"..",5.0,14.1,64.7,"..",57.9,9.1,16.6,"..",5.4,22.3,75.6,"..",74.4,16.9,49.2,6.3,17.0,72.4,76.6,11.3,67.9,55.4,16.3,2.4,5.8,24.5,76.2,12.6,66.6,18.7,2.2,"..","..",3.1,88.9,"..",69.4,2.8,1154.4,68.2,407.1,1629.7,75.0,5.6,70.8,1222.6,735.5,29.6,441.3,1206.5,63.4,3.9,61.0,765.1,65.4,8.4,51.9,125.6,58.7,11.4,52.0,73.8,35.1,4.9,37.9,77.8,51.3,12.2,45.0,39.9,93.6,7.3,69.2,170.1,59.3,7.2,55.1,100.9,4.3,"..",7.0,12.0,41.9,"..",35.6,5.0,14.6,"..",7.6,22.7,66.5,"..",64.5,15.1,51.6,6.9,26.2,84.7,69.0,11.8,60.9,58.5,17.7,2.2,10.1,30.0,66.4,11.1,59.0,19.9,"..","..","..",1.7,63.3,"..","..",1.1,1018.6,60.6,651.8,1731.1,62.3,5.6,58.8,1079.3,1580.5,65.0,720.8,2366.2,69.5,3.9,66.8,1645.5,140.8,16.8,87.6,245.2,64.3,10.7,57.4,157.6,77.0,12.2,56.3,145.4,61.3,13.6,52.9,89.1,193.3,13.9,109.3,316.5,65.5,6.7,61.1,207.2,12.4,1.7,12.0,26.1,54.2,12.0,47.6,14.1,31.2,"..",13.0,44.9,71.0,"..",69.4,31.9,100.7,13.2,43.2,157.1,72.5,11.6,64.1,113.9,34.0,4.6,15.9,54.5,70.8,11.8,62.4,38.6,3.0,"..","..",4.8,79.9,"..",63.4,3.8,2173.0,128.8,1058.9,3360.8,68.5,5.6,64.7,2301.8
"2009Q2",831.6,34.9,279.7,1146.2,75.6,4.0,72.6,866.5,74.2,9.9,33.1,117.3,71.8,11.8,63.3,84.2,42.3,5.3,19.0,66.6,71.5,11.1,63.6,47.6,109.9,8.3,42.2,160.3,73.7,7.0,68.5,118.1,9.5,1.4,6.2,17.1,64.0,13.2,55.6,10.9,19.0,"..",5.5,25.2,78.0,"..",75.6,19.6,51.0,6.7,16.9,74.5,77.4,11.6,68.4,57.7,16.7,1.1,8.8,26.6,66.8,6.0,62.8,17.8,1.9,"..","..",2.3,"..","..",79.8,1.9,1156.0,68.2,411.8,1636.1,74.8,5.6,70.7,1224.2,735.0,31.2,447.0,1213.1,63.2,4.1,60.6,766.2,61.7,9.7,51.4,122.8,58.2,13.6,50.3,71.4,31.3,5.6,39.4,76.3,48.4,15.0,41.1,36.9,89.1,8.6,66.9,164.6,59.3,8.8,54.1,97.7,6.6,1.4,6.1,14.1,56.6,17.3,46.8,8.0,16.1,"..",7.8,24.5,68.0,"..",65.9,16.6,51.9,5.1,31.1,88.1,64.7,8.9,58.9,57.0,16.5,3.0,10.1,29.6,65.9,15.2,55.9,19.5,1.8,"..",1.0,3.1,67.3,"..",58.0,2.1,1010.1,65.3,660.8,1736.2,61.9,6.1,58.2,1075.4,1566.6,66.0,726.7,2359.3,69.2,4.0,66.4,1632.6,135.9,19.6,84.5,240.1,64.8,12.6,56.6,155.6,73.7,10.8,58.3,142.8,59.2,12.8,51.6,84.5,198.9,16.9,109.1,325.0,66.4,7.8,61.2,215.8,16.1,2.8,12.3,31.2,60.7,14.9,51.6,18.9,35.1,1.1,13.4,49.6,73.1,3.1,70.8,36.2,102.9,11.8,47.9,162.6,70.5,10.3,63.3,114.7,33.2,4.0,18.9,56.2,66.3,10.8,59.1,37.3,3.7,"..",1.5,5.5,72.6,"..",67.3,4.0,2166.1,133.5,1072.6,3372.2,68.2,5.8,64.2,2299.6
"2009Q3",813.3,42.5,290.4,1146.2,74.7,5.0,71.0,855.8,70.9,10.9,36.0,117.8,69.5,13.4,60.2,81.8,39.6,5.1,21.2,65.9,67.9,11.5,60.1,44.7,108.2,10.0,48.1,166.3,71.1,8.4,65.1,118.2,9.2,"..",5.7,15.9,64.0,"..",57.9,10.2,19.3,"..",6.9,26.9,74.3,"..",71.7,19.9,51.8,5.4,16.2,73.3,78.0,9.4,70.6,57.2,15.9,3.0,9.0,28.0,67.9,16.0,57.0,19.0,1.3,"..","..",2.0,67.3,"..",67.3,1.3,1129.5,78.6,434.1,1642.2,73.6,6.5,68.8,1208.2,736.8,31.3,436.3,1204.4,63.8,4.1,61.2,768.1,61.1,10.9,53.2,125.1,57.5,15.1,48.8,72.0,33.5,5.1,39.8,78.4,49.2,13.3,42.7,38.6,89.7,8.3,76.2,174.3,56.2,8.5,51.5,98.0,6.2,"..",7.0,13.6,48.7,"..",45.9,6.6,17.4,"..",9.5,27.6,65.5,"..",62.8,18.1,50.0,6.4,30.0,86.4,65.3,11.4,57.9,56.4,17.8,2.7,9.2,29.6,69.0,13.2,59.9,20.4,1.5,"..","..",2.3,67.4,"..",65.0,1.6,1013.9,65.9,662.0,1741.8,62.0,6.1,58.2,1079.7,1550.0,73.8,726.7,2350.6,69.1,4.5,65.9,1623.8,132.0,21.8,89.1,242.9,63.3,14.2,54.3,153.8,73.1,10.2,61.0,144.3,57.7,12.3,50.6,83.3,197.9,18.3,124.4,340.6,63.5,8.5,58.1,216.2,15.5,1.3,12.7,29.5,56.9,8.0,52.4,16.8,36.6,1.4,16.5,54.5,69.8,3.7,67.2,38.0,101.8,11.8,46.1,159.7,71.1,10.4,63.7,113.6,33.7,5.7,18.2,57.6,68.4,14.5,58.5,39.4,2.8,"..",1.4,4.3,67.3,"..",66.1,2.9,2143.4,144.5,1096.1,3384.0,67.6,6.3,63.3,2287.9
"2009Q4",831.1,40.1,277.0,1148.2,75.9,4.6,72.4,871.2,71.7,13.6,33.2,118.5,71.9,15.9,60.5,85.3,40.9,6.7,20.4,67.9,70.0,14.0,60.2,47.6,116.6,11.6,42.3,170.6,75.2,9.0,68.4,128.2,8.1,1.3,4.1,13.5,69.6,14.2,59.8,9.4,18.7,"..",7.9,27.2,71.1,"..",68.7,19.4,48.0,7.6,17.5,73.1,76.1,13.6,65.7,55.6,17.2,3.3,8.0,28.5,71.9,16.2,60.3,20.5,1.7,"..","..",2.3,"..","..",76.5,1.8,1154.1,84.8,410.8,1649.7,75.1,6.8,70.0,1238.9,740.1,35.5,432.3,1207.9,64.2,4.6,61.3,775.6,65.4,11.4,53.1,129.9,59.1,14.8,50.4,76.8,34.3,5.6,36.4,76.3,52.3,14.0,45.0,39.9,92.4,9.6,75.1,177.1,57.6,9.4,52.2,102.0,5.3,1.4,7.1,13.9,48.5,21.1,38.3,6.7,16.0,"..",10.8,27.3,60.6,"..",58.6,16.5,46.4,7.2,29.4,83.0,64.5,13.5,55.8,53.6,20.2,2.8,8.9,31.9,72.3,12.3,63.4,23.1,"..","..","..",1.4,"..","..","..","..",1020.9,74.0,653.8,1748.7,62.6,6.8,58.4,1095.0,1571.2,75.6,709.3,2356.1,69.9,4.6,66.7,1646.8,137.1,24.9,86.3,248.4,65.2,15.4,55.2,162.0,75.2,12.2,56.7,144.2,60.7,14.0,52.2,87.5,209.0,21.2,117.5,347.7,66.2,9.2,60.1,230.2,13.4,2.8,11.2,27.4,58.9,17.1,48.9,16.1,34.7,1.2,18.6,54.5,65.8,3.3,63.6,35.9,94.4,14.8,46.9,156.1,69.9,13.6,60.5,109.2,37.4,6.1,16.8,60.4,72.1,14.1,61.9,43.6,2.5,"..",1.1,3.7,69.2,"..",67.3,2.5,2175.0,158.9,1064.6,3398.4,68.7,6.8,64.0,2333.9
"2010Q1",822.5,36.4,283.2,1142.1,75.2,4.2,72.0,858.9,71.8,11.3,35.3,118.4,70.2,13.6,60.6,83.1,43.7,6.9,21.8,72.4,69.9,13.6,60.3,50.6,114.7,10.9,43.8,169.5,74.1,8.7,67.7,125.6,9.9,1.5,4.5,16.0,71.5,13.1,62.2,11.4,20.6,"..",9.1,30.6,70.3,"..",67.3,21.5,50.6,6.2,17.0,73.8,77.0,10.9,68.6,56.8,19.8,2.4,8.2,30.4,72.9,10.6,65.1,22.2,3.0,"..","..",3.9,"..","..",77.9,3.0,1156.7,76.5,423.9,1657.1,74.4,6.2,69.8,1233.2,733.9,34.6,442.2,1210.6,63.5,4.5,60.6,768.5,66.3,11.5,52.8,130.5,59.6,14.8,50.8,77.8,35.2,6.4,37.3,78.9,52.8,15.4,44.7,41.7,91.1,11.4,73.0,175.6,58.4,11.2,51.9,102.6,5.1,1.4,6.2,12.7,51.0,21.9,39.8,6.5,17.5,1.4,10.7,29.6,63.8,7.3,59.1,18.9,45.4,8.2,28.1,81.7,65.6,15.3,55.6,53.6,18.0,2.0,13.1,33.1,60.4,9.8,54.4,20.0,1.4,"..","..",2.2,"..","..",63.3,1.5,1014.0,76.9,664.1,1755.0,62.2,7.1,57.8,1090.9,1556.4,71.0,725.3,2352.7,69.2,4.4,66.2,1627.4,138.1,22.8,88.1,249.0,64.6,14.2,55.5,160.9,78.9,13.3,59.1,151.3,61.0,14.4,52.2,92.2,205.8,22.4,116.8,345.0,66.1,9.8,59.7,228.2,15.0,2.9,10.8,28.7,62.4,16.2,52.3,17.9,38.1,2.3,19.8,60.2,67.1,5.7,63.2,40.4,96.0,14.4,45.1,155.5,71.0,13.0,61.7,110.4,37.8,4.3,21.4,63.5,66.4,10.3,59.6,42.1,4.4,"..",1.6,6.1,74.0,"..",72.6,4.5,2170.6,153.5,1088.0,3412.1,68.1,6.6,63.6,2324.1
"2010Q2",825.3,39.9,290.1,1155.3,74.9,4.6,71.4,865.2,71.9,13.7,33.7,119.2,71.8,16.0,60.3,85.6,39.1,6.1,21.8,67.0,67.5,13.6,58.4,45.2,112.4,13.5,39.3,165.2,76.2,10.7,68.1,125.9,9.7,"..",6.5,17.1,61.8,"..",56.8,10.5,22.6,"..",9.1,32.5,71.8,"..",69.7,23.3,51.1,4.6,18.8,74.5,74.8,8.2,68.7,55.7,15.9,2.8,8.6,27.3,68.5,15.0,58.2,18.7,2.8,"..","..",3.9,"..","..",71.8,3.4,1150.9,82.7,428.3,1661.9,74.2,6.7,69.3,1233.6,739.7,31.9,440.4,1212.0,63.7,4.1,61.0,771.6,62.0,12.7,56.3,131.0,57.0,16.9,47.3,74.7,30.5,5.3,37.4,73.3,48.9,14.9,41.7,35.9,90.4,10.4,76.8,177.6,56.7,10.3,50.9,100.8,7.6,"..",7.2,15.6,53.8,"..",48.4,8.4,18.3,"..",12.3,31.3,60.8,"..",58.5,19.0,47.9,6.7,28.5,83.1,65.7,12.2,57.7,54.6,16.5,3.7,12.5,32.7,61.9,18.5,50.4,20.2,1.8,"..","..",2.8,"..","..",65.6,2.1,1014.7,72.6,672.1,1759.4,61.8,6.7,57.7,1087.3,1565.0,71.8,730.5,2367.3,69.1,4.4,66.1,1636.8,133.9,26.4,90.0,250.3,64.0,16.4,53.5,160.3,69.6,11.5,59.2,140.3,57.8,14.1,49.6,81.1,202.8,23.9,116.1,342.8,66.1,10.5,59.2,226.7,17.2,1.7,13.7,32.7,58.0,9.0,52.8,18.9,40.9,1.4,21.4,63.7,66.4,3.3,64.2,42.3,99.1,11.2,47.3,157.6,70.0,10.2,62.9,110.3,32.4,6.5,21.1,60.0,64.9,16.8,54.0,38.9,4.6,"..",1.1,6.7,83.3,"..",69.2,5.6,2165.6,155.3,1100.4,3421.3,67.8,6.7,63.3,2320.9
"2010Q3",836.9,31.0,287.1,1155.1,75.1,3.6,72.5,867.9,69.8,13.5,34.1,117.3,71.0,16.2,59.5,83.3,41.8,5.2,20.9,67.9,69.2,11.1,61.5,47.0,106.8,9.9,44.4,161.1,72.5,8.5,66.3,116.7,10.2,1.1,7.5,18.8,60.2,10.1,54.2,11.3,26.6,"..",8.9,36.4,75.5,"..",73.0,27.5,53.7,5.4,18.4,77.6,76.3,9.1,69.3,59.1,18.3,2.4,9.4,30.1,68.8,11.7,60.7,20.7,1.3,"..","..",2.2,"..","..",57.8,1.5,1165.4,69.7,431.4,1666.5,74.1,5.6,69.9,1235.1,731.2,38.8,439.0,1209.0,63.7,5.0,60.5,770.0,63.1,12.1,55.6,130.7,57.5,16.1,48.2,75.2,32.9,6.5,39.1,78.5,50.2,16.5,41.9,39.4,91.5,7.2,75.7,174.4,56.6,7.3,52.4,98.7,8.7,1.2,6.9,16.8,59.0,12.3,51.8,9.9,21.7,"..",12.4,34.5,64.2,"..",62.9,22.2,49.7,5.4,29.5,84.6,65.1,9.8,58.8,55.1,16.2,2.9,12.2,31.3,61.0,15.3,51.7,19.1,1.5,"..",2.0,3.6,44.9,"..",41.8,1.6,1016.5,74.7,672.3,1763.5,61.9,6.8,57.6,1091.2,1568.1,69.8,726.1,2364.0,69.3,4.3,66.3,1637.9,132.8,25.6,89.6,248.0,63.9,16.2,53.5,158.4,74.7,11.7,60.0,146.4,59.0,13.5,51.0,86.4,198.3,17.2,120.1,335.5,64.2,8.0,59.1,215.4,18.9,2.4,14.4,35.6,59.7,11.1,53.0,21.3,48.3,1.4,21.3,70.9,70.0,2.7,68.1,49.6,103.5,10.8,47.9,162.2,70.5,9.4,63.8,114.3,34.5,5.4,21.6,61.5,64.8,13.4,56.1,39.9,2.8,"..",2.7,5.8,53.6,"..",48.0,3.1,2181.9,144.5,1103.7,3430.0,67.8,6.2,63.6,2326.3
"2010Q4",838.1,39.6,277.1,1154.8,76.0,4.5,72.6,877.7,70.7,14.4,36.4,121.5,70.0,16.9,58.2,85.1,45.3,6.2,23.2,74.7,68.9,12.1,60.6,51.5,112.8,9.3,41.8,163.9,74.5,7.6,68.8,122.1,8.9,"..",5.0,14.9,66.5,"..",59.9,9.9,24.9,1.1,9.5,35.5,73.2,4.2,70.2,26.0,51.9,5.3,17.8,75.0,76.3,9.3,69.2,57.2,17.5,3.2,8.5,29.1,71.0,15.4,60.0,20.7,2.7,"..","..",3.7,"..","..",70.9,2.8,1172.8,80.2,420.2,1673.1,74.9,6.4,70.1,1252.9,734.6,36.1,438.2,1208.9,63.8,4.7,60.8,770.7,65.7,10.6,56.6,133.0,57.4,13.9,49.4,76.4,36.3,6.5,38.6,81.4,52.6,15.3,44.6,42.8,95.3,12.1,70.2,177.5,60.5,11.2,53.7,107.3,7.8,"..",7.7,15.6,50.5,"..",49.6,7.9,21.7,"..",12.0,34.6,65.4,"..",62.8,22.6,49.8,6.3,28.0,84.1,66.7,11.3,59.2,56.1,16.7,2.7,11.6,30.9,62.6,13.8,54.0,19.4,2.4,"..",1.2,3.7,69.0,"..",64.8,2.6,1030.2,75.5,664.0,1769.7,62.5,6.8,58.2,1105.7,1572.7,75.7,715.3,2363.7,69.7,4.6,66.5,1648.4,136.4,25.0,93.0,254.5,63.4,15.5,53.6,161.4,81.5,12.7,61.8,156.0,60.4,13.5,52.2,94.3,208.0,21.3,111.9,341.3,67.2,9.3,60.9,229.4,16.7,1.1,12.7,30.6,58.3,6.3,54.6,17.8,46.6,2.0,21.5,70.1,69.4,4.1,66.6,48.6,101.7,11.6,45.8,159.1,71.2,10.3,63.9,113.3,34.2,5.9,20.0,60.1,66.7,14.6,56.9,40.0,5.1,"..",2.1,7.5,71.3,"..",67.9,5.3,2203.0,155.6,1084.2,3442.8,68.5,6.6,64.0,2358.6
"2011Q1",829.6,36.8,281.2,1147.6,75.5,4.2,72.3,866.4,70.7,13.9,35.3,119.8,70.6,16.4,59.0,84.6,46.8,7.3,21.9,76.0,71.2,13.6,61.6,54.1,121.0,13.2,38.5,172.7,77.7,9.8,70.1,134.2,9.1,"..",4.6,14.7,68.3,"..",61.8,10.0,22.8,"..",9.5,33.2,71.3,"..",68.8,23.7,52.0,5.4,19.3,76.8,74.9,9.5,67.8,57.5,18.5,4.1,10.3,33.0,68.7,18.1,56.2,22.6,5.7,"..",1.6,7.7,79.9,"..",74.4,6.2,1176.3,82.9,422.2,1681.4,74.9,6.6,70.0,1259.2,727.7,43.4,430.0,1201.1,64.2,5.6,60.6,771.1,65.1,12.1,56.8,134.1,57.6,15.7,48.6,77.2,38.8,6.6,39.2,84.5,53.7,14.4,45.9,45.4,99.2,9.5,71.2,180.0,60.4,8.8,55.1,108.8,9.1,"..",6.1,15.9,61.7,"..",57.0,9.8,22.9,"..",11.9,35.7,66.7,"..",64.0,23.8,46.6,8.5,28.4,83.5,66.0,15.5,55.8,55.1,18.6,1.5,11.5,31.6,63.7,7.6,58.9,20.1,5.6,"..",3.6,9.7,62.5,"..",58.0,6.1,1033.7,83.8,658.7,1776.2,62.9,7.5,58.2,1117.5,1557.3,80.2,711.3,2348.7,69.7,4.9,66.3,1637.5,135.8,26.0,92.1,253.9,63.7,16.1,53.5,161.8,85.6,13.9,61.0,160.5,62.0,14.0,53.3,99.5,220.2,22.7,109.7,352.6,68.9,9.3,62.5,242.9,18.1,1.7,10.7,30.6,64.9,8.6,59.3,19.8,45.7,1.8,21.4,68.9,68.9,3.8,66.3,47.5,98.6,14.0,47.7,160.3,70.3,12.4,61.5,112.6,37.2,5.6,21.8,64.6,66.2,13.1,57.5,42.8,11.4,"..",5.2,17.4,70.2,"..",65.3,12.2,2209.9,166.7,1080.9,3457.6,68.7,7.0,63.9,2376.7
"2011Q2",838.7,41.0,279.0,1158.7,75.9,4.7,72.4,879.6,67.1,10.5,37.1,114.7,67.6,13.5,58.5,77.6,41.3,5.8,23.8,71.0,66.4,12.3,58.3,47.1,111.6,8.0,47.6,167.1,71.5,6.7,66.8,119.6,11.2,1.2,5.3,17.7,70.0,9.5,63.3,12.4,23.3,"..",10.1,34.4,70.7,"..",67.8,24.3,57.2,5.2,20.9,83.3,74.9,8.3,68.7,62.4,17.8,4.2,9.2,31.1,70.6,19.3,57.0,22.0,3.7,"..",1.1,5.3,80.1,"..",70.6,4.2,1172.0,77.3,434.1,1683.3,74.2,6.2,69.6,1249.2,734.8,36.4,441.7,1212.9,63.6,4.7,60.6,771.2,65.4,10.6,55.9,132.0,57.6,13.9,49.6,76.0,33.0,5.4,38.4,76.8,50.0,14.1,42.9,38.4,102.2,5.8,68.9,176.9,61.1,5.4,57.8,108.0,10.1,1.7,6.6,18.5,64.1,14.8,54.6,11.8,19.9,1.2,13.8,34.9,60.4,5.5,57.1,21.1,48.8,8.0,29.5,86.4,65.8,14.1,56.5,56.9,18.2,3.0,11.7,33.0,64.4,14.2,55.2,21.2,3.9,"..",2.2,6.5,66.6,"..",60.5,4.3,1036.4,72.6,668.8,1777.8,62.4,6.5,58.3,1108.9,1573.4,77.4,720.7,2371.6,69.6,4.7,66.3,1650.8,132.6,21.0,93.1,246.7,62.3,13.7,53.7,153.6,74.3,11.2,62.3,147.8,57.9,13.1,50.3,85.5,213.8,13.8,116.4,344.0,66.2,6.1,62.1,227.6,21.3,2.9,12.0,36.2,67.0,12.1,58.9,24.2,43.3,2.1,23.9,69.3,65.5,4.7,62.4,45.4,106.0,13.2,50.4,169.7,70.3,11.1,62.5,119.3,36.0,7.3,20.9,64.1,67.4,16.8,56.1,43.2,7.7,"..",3.2,11.8,72.6,"..",65.0,8.6,2208.3,149.9,1102.9,3461.1,68.1,6.4,63.8,2358.2
"2011Q3",830.5,34.6,280.2,1145.3,75.5,4.0,72.5,865.1,69.5,13.4,34.9,117.8,70.4,16.1,59.0,82.9,49.2,7.3,27.0,83.5,67.6,12.9,58.9,56.5,113.4,8.6,46.5,168.4,72.4,7.0,67.3,121.9,11.1,1.2,5.4,17.7,69.7,9.8,62.9,12.3,22.9,"..",11.1,34.5,67.8,2.1,66.3,23.4,55.7,6.7,18.8,81.1,76.8,10.7,68.6,62.3,19.3,3.7,9.7,32.6,70.3,16.1,59.0,22.9,4.2,"..","..",5.4,84.8,8.8,77.3,4.6,1175.7,76.3,434.4,1686.4,74.2,6.1,69.7,1252.0,730.9,36.0,435.8,1202.7,63.8,4.7,60.8,766.9,65.7,10.5,56.5,132.8,57.5,13.8,49.5,76.3,37.3,6.5,42.4,86.2,50.8,14.9,43.2,43.8,100.1,9.4,77.2,186.7,58.7,8.6,53.6,109.5,6.8,2.0,5.6,14.3,61.3,22.2,47.6,8.8,20.7,1.1,14.1,36.0,60.7,5.2,57.6,21.9,49.3,5.3,32.4,87.1,62.8,9.8,56.7,54.7,17.2,3.4,9.8,30.5,67.8,16.7,56.4,20.6,2.7,"..",1.0,4.0,74.7,12.1,65.7,3.0,1030.8,74.7,674.8,1780.3,62.1,6.8,57.9,1105.5,1561.4,70.7,716.0,2348.0,69.5,4.3,66.5,1632.0,135.3,23.9,91.4,250.6,63.5,15.0,54.0,159.2,86.5,13.8,69.4,169.7,59.1,13.8,50.9,100.3,213.5,17.9,123.7,355.1,65.2,7.8,60.1,231.4,17.9,3.2,10.9,32.0,65.9,15.0,56.0,21.1,43.6,1.6,25.2,70.5,64.2,3.6,61.9,45.2,105.0,12.0,51.2,168.2,69.6,10.3,62.4,117.0,36.4,7.1,19.5,63.1,69.1,16.4,57.8,43.6,6.9,"..",1.8,9.5,80.5,10.1,72.4,7.6,2206.5,151.0,1109.2,3466.6,68.0,6.4,63.6,2357.5
"2011Q4",841.8,34.8,277.5,1154.1,76.0,4.0,72.9,876.6,69.2,12.7,36.1,118.0,69.4,15.5,58.6,81.8,48.2,6.8,24.8,79.9,68.9,12.4,60.3,55.0,117.7,14.1,41.7,173.5,76.0,10.7,67.8,131.9,11.0,1.1,3.4,15.5,78.4,9.1,71.2,12.2,20.9,1.2,10.0,32.2,68.9,5.5,65.1,22.2,54.9,7.4,18.4,80.6,77.2,11.8,68.1,62.2,20.2,3.5,8.8,32.6,72.8,14.9,62.0,23.7,3.4,"..",1.5,5.1,71.0,"..",66.9,3.6,1187.4,81.9,422.2,1691.4,75.0,6.5,70.2,1269.3,750.0,32.6,430.0,1212.6,64.5,4.2,61.8,782.6,65.8,11.2,54.4,131.4,58.6,14.6,50.1,77.0,37.7,7.4,38.8,83.8,53.8,16.5,44.9,45.1,101.0,7.2,74.7,182.9,59.1,6.6,55.2,108.2,6.3,"..",6.7,13.4,49.8,"..",46.7,6.7,19.3,1.1,14.7,35.1,58.3,5.5,55.0,20.5,49.0,6.2,33.8,89.0,62.0,11.2,55.0,55.2,19.2,2.2,11.0,32.4,66.2,10.4,59.3,21.4,1.5,"..",2.1,3.9,46.6,"..",37.5,1.8,1049.7,68.8,666.1,1784.6,62.7,6.1,58.8,1118.4,1591.8,67.4,707.5,2366.7,70.1,4.1,67.3,1659.2,135.0,23.9,90.5,249.4,63.7,15.0,54.1,158.9,85.8,14.3,63.6,163.7,61.2,14.3,52.4,100.1,218.7,21.3,116.4,356.5,67.3,8.9,61.4,240.0,17.3,1.5,10.1,28.9,65.1,8.1,59.8,18.8,40.3,2.3,24.7,67.3,63.3,5.5,59.9,42.6,103.9,13.6,52.2,169.6,69.2,11.6,61.2,117.4,39.4,5.8,19.8,65.0,69.5,12.8,60.6,45.2,4.9,"..",3.6,9.1,60.4,"..",54.1,5.5,2237.0,150.7,1088.3,3476.0,68.7,6.3,64.4,2387.7
"2012Q1",843.1,43.3,282.7,1169.1,75.8,4.9,72.1,886.3,71.5,11.2,34.6,117.3,70.5,13.6,60.9,82.7,43.3,6.0,24.3,73.7,67.1,12.2,58.8,49.4,116.7,10.4,37.0,164.2,77.5,8.2,71.1,127.2,10.2,"..",4.5,15.6,71.4,"..",65.3,11.1,22.0,1.1,9.9,33.0,70.0,4.9,66.5,23.1,55.1,6.3,17.6,78.9,77.7,10.3,69.7,61.4,22.8,4.8,8.9,36.6,75.6,17.4,62.4,27.6,5.1,"..",1.7,7.4,76.8,"..",69.6,5.7,1189.8,84.7,421.2,1695.7,75.2,6.6,70.2,1274.5,737.8,39.0,431.7,1208.4,64.3,5.0,61.1,776.8,65.5,12.5,51.3,129.4,60.4,16.1,50.7,78.1,33.9,7.2,37.3,78.5,52.4,17.6,43.2,41.1,100.6,11.5,74.8,186.9,60.0,10.2,53.8,112.1,6.2,2.0,5.4,13.6,60.2,24.3,45.6,8.2,20.5,1.6,14.1,36.2,61.2,7.4,56.7,22.2,50.2,7.0,30.5,87.7,65.2,12.2,57.3,57.2,22.3,4.5,12.9,39.6,67.5,16.8,56.2,26.8,4.0,1.1,2.6,7.8,66.3,22.1,51.6,5.2,1041.1,86.5,660.6,1788.2,63.1,7.7,58.2,1127.6,1580.9,82.2,714.4,2377.5,70.0,4.9,66.5,1663.1,137.0,23.8,85.9,246.7,65.2,14.8,55.5,160.8,77.3,13.3,61.6,152.1,59.5,14.7,50.8,90.5,217.4,21.9,111.8,351.1,68.2,9.2,61.9,239.3,16.4,2.9,9.9,29.2,66.2,15.2,56.1,19.3,42.5,2.8,24.0,69.2,65.4,6.1,61.4,45.3,105.3,13.3,48.1,166.7,71.1,11.2,63.2,118.6,45.1,9.3,21.8,76.2,71.4,17.1,59.2,54.4,9.2,1.7,4.4,15.2,71.4,15.5,60.3,10.9,2230.9,171.2,1081.7,3483.9,69.0,7.1,64.0,2402.1
"2012Q2",837.1,38.2,296.5,1171.8,74.7,4.4,71.4,875.3,66.2,10.6,33.0,109.7,69.9,13.8,60.3,76.8,40.6,5.5,23.8,69.9,66.0,12.0,58.0,46.1,111.9,9.2,45.6,166.6,72.7,7.6,67.1,121.0,11.5,"..",4.7,17.1,72.7,"..",67.5,12.4,23.4,1.3,9.9,34.6,71.3,5.4,67.5,24.7,60.7,7.4,19.4,87.5,77.8,10.9,69.4,68.1,21.9,3.5,11.4,36.8,69.0,13.6,59.6,25.4,2.8,"..","..",4.1,90.3,"..",69.5,3.7,1176.2,77.4,444.7,1698.2,73.8,6.2,69.3,1253.5,750.5,39.1,429.6,1219.2,64.8,5.0,61.6,789.6,63.6,10.7,54.7,129.0,57.6,14.3,49.3,74.2,31.8,7.4,40.8,80.1,49.0,18.9,39.8,39.3,100.9,9.8,68.8,179.5,61.7,8.9,56.2,110.7,4.2,"..",7.1,11.9,40.3,"..",35.3,4.8,21.1,2.3,13.3,36.7,63.8,9.8,57.5,23.4,49.1,5.1,35.7,89.8,60.3,9.4,54.6,54.2,20.6,3.6,15.2,39.3,61.4,14.8,52.3,24.2,2.4,"..",1.5,4.4,65.0,"..",55.1,2.8,1044.2,79.0,666.7,1789.9,62.8,7.0,58.3,1123.2,1587.6,77.3,726.1,2391.0,69.6,4.6,66.4,1664.9,129.8,21.2,87.7,238.7,63.3,14.0,54.4,151.0,72.4,13.0,64.6,150.0,56.9,15.2,48.3,85.4,212.8,19.0,114.4,346.1,67.0,8.2,61.5,231.8,15.7,1.5,11.8,29.0,59.4,8.6,54.3,17.2,44.5,3.6,23.2,71.3,67.5,7.5,62.4,48.1,109.8,12.5,55.0,177.4,69.0,10.2,61.9,122.3,42.5,7.0,26.6,76.1,65.1,14.2,55.8,49.5,5.2,1.3,1.9,8.5,77.2,19.6,62.0,6.5,2220.4,156.4,1111.3,3488.1,68.1,6.6,63.7,2376.8
"2012Q3",833.0,38.0,298.4,1169.3,74.5,4.4,71.2,871.0,67.1,13.1,33.0,113.2,70.8,16.4,59.2,80.2,41.8,5.4,22.0,69.2,68.2,11.5,60.3,47.2,118.0,16.6,45.6,180.1,74.7,12.3,65.5,134.6,10.9,"..",2.6,14.6,82.0,"..",75.1,11.9,18.8,1.4,10.7,31.0,65.3,6.9,60.8,20.2,55.2,7.5,22.2,84.9,73.9,11.9,65.1,62.7,19.0,4.6,13.4,36.9,63.8,19.6,51.3,23.6,1.6,"..","..",2.4,73.3,"..",66.6,1.8,1165.4,87.8,448.5,1701.6,73.6,7.0,68.5,1253.1,739.2,40.0,432.0,1211.2,64.3,5.1,61.0,779.2,63.7,12.7,52.2,128.6,59.4,16.7,49.5,76.4,31.2,7.6,39.1,77.9,49.9,19.6,40.1,38.9,109.4,10.2,76.6,196.2,61.0,8.5,55.8,119.6,4.5,"..",6.5,11.7,44.3,"..",38.4,5.2,18.9,1.3,12.3,32.5,62.2,6.6,58.1,20.2,50.8,7.2,31.5,89.5,64.8,12.4,56.8,58.0,24.0,2.2,17.4,43.6,60.2,8.5,55.1,26.3,1.0,"..","..",1.7,67.8,"..",58.9,1.2,1042.7,82.2,668.0,1792.9,62.7,7.3,58.2,1124.9,1572.1,78.0,730.3,2380.5,69.3,4.7,66.0,1650.2,130.8,25.9,85.2,241.8,64.8,16.5,54.1,156.6,73.0,13.0,61.1,147.1,58.5,15.2,49.6,86.0,227.4,26.8,122.2,376.3,67.5,10.5,60.4,254.2,15.4,1.7,9.1,26.2,65.2,9.9,58.8,17.1,37.7,2.7,23.0,63.5,63.7,6.7,59.4,40.5,106.0,14.7,53.7,174.4,69.2,12.2,60.8,120.7,43.0,6.9,30.8,80.6,61.8,13.8,53.3,49.8,2.6,"..",1.2,4.1,71.0,"..",63.4,2.9,2208.1,170.0,1116.5,3494.6,68.1,7.1,63.2,2378.1
"2012Q4",833.4,41.0,298.2,1172.6,74.6,4.7,71.1,874.4,63.0,12.3,35.4,110.7,68.0,16.3,56.9,75.3,39.9,4.7,22.2,66.8,66.8,10.6,59.7,44.6,123.8,8.6,47.0,179.4,73.8,6.5,69.0,132.4,10.2,1.1,3.3,14.6,77.4,9.3,70.2,11.3,21.3,"..",10.4,32.6,68.2,"..",65.4,22.2,57.2,6.9,22.7,86.8,73.9,10.8,65.9,64.1,22.1,3.9,12.7,38.7,67.1,14.9,57.1,26.0,2.6,"..",1.2,4.0,69.4,"..",64.8,2.8,1173.6,79.6,453.1,1706.2,73.4,6.3,68.8,1253.1,731.9,36.2,448.7,1216.8,63.1,4.7,60.2,768.1,62.5,12.8,53.8,129.2,58.3,17.0,48.4,75.3,30.3,7.4,39.7,77.4,48.7,19.7,39.1,37.7,110.1,10.5,75.2,195.8,61.6,8.7,56.2,120.6,3.9,"..",6.0,10.0,40.4,"..",38.9,4.1,19.7,1.0,11.5,32.2,64.2,4.9,61.0,20.7,50.3,7.2,33.1,90.6,63.4,12.4,55.5,57.5,20.7,5.5,15.1,41.3,63.4,21.1,50.0,26.2,2.2,"..",1.2,3.5,66.6,"..",62.0,2.3,1031.6,80.9,684.3,1796.8,61.9,7.3,57.4,1112.5,1565.3,77.2,746.9,2389.4,68.7,4.7,65.5,1642.5,125.5,25.1,89.2,239.9,62.8,16.7,52.3,150.7,70.2,12.1,61.9,144.2,57.1,14.8,48.7,82.3,233.9,19.1,122.2,375.2,67.4,7.5,62.4,253.0,14.1,1.2,9.3,24.6,62.3,7.8,57.5,15.3,41.0,1.9,21.9,64.8,66.2,4.5,63.2,42.9,107.5,14.1,55.8,177.3,68.5,11.6,60.6,121.6,42.8,9.4,27.9,80.1,65.2,18.0,53.5,52.2,4.8,"..",2.4,7.5,68.1,"..",63.5,5.1,2205.1,160.5,1137.4,3503.0,67.5,6.8,62.9,2365.6
"2013Q1",832.0,35.8,294.7,1162.5,74.6,4.1,71.6,867.8,69.9,12.2,38.2,120.3,68.3,14.9,58.1,82.2,41.8,5.1,20.1,67.0,70.0,10.8,62.5,46.9,136.9,7.0,51.1,195.0,73.8,4.9,70.2,143.9,8.2,1.3,3.6,13.1,72.6,13.8,62.6,9.5,22.9,"..",11.0,34.5,68.2,"..",66.3,23.5,54.7,6.8,19.6,81.1,75.8,11.0,67.5,61.5,19.6,2.7,11.7,34.0,65.5,12.0,57.6,22.2,3.2,"..",1.1,4.4,74.7,"..",72.0,3.3,1189.2,71.6,451.0,1711.8,73.7,5.7,69.5,1260.8,739.2,41.7,425.1,1205.9,64.8,5.3,61.3,780.8,65.4,11.6,58.2,135.2,57.0,15.1,48.4,77.0,33.2,8.4,41.0,82.6,50.4,20.1,40.3,41.6,116.6,11.7,79.9,208.2,61.6,9.1,56.0,128.3,4.7,"..",6.6,11.8,43.9,"..",39.9,5.2,20.7,"..",11.9,33.1,64.0,"..",62.6,21.2,50.9,6.9,30.5,88.3,65.5,11.9,57.7,57.8,18.0,3.1,12.1,33.2,63.5,14.5,54.3,21.1,1.7,"..",1.0,2.7,62.7,"..",62.7,1.7,1050.6,84.2,666.3,1801.1,63.0,7.4,58.3,1134.8,1571.2,77.4,719.8,2368.4,69.6,4.7,66.3,1648.6,135.4,23.8,96.4,255.6,62.3,15.0,53.0,159.2,75.1,13.5,61.0,149.6,59.2,15.2,50.2,88.5,253.5,18.7,131.0,403.2,67.5,6.9,62.9,272.2,12.9,1.8,10.2,24.9,59.0,12.1,51.8,14.7,43.6,1.1,22.9,67.6,66.1,2.4,64.5,44.7,105.7,13.7,50.1,169.4,70.4,11.5,62.4,119.4,37.6,5.7,23.9,67.2,64.5,13.2,56.0,43.3,4.9,"..",2.1,7.1,70.1,"..",68.4,5.0,2239.8,155.8,1117.3,3512.9,68.2,6.5,63.8,2395.6
"Table information:"
"Units:"
"Persons Employed in Labour Force: Number, Magnitude = Thousands"
"Persons Unemployed in Labour Force: Number, Magnitude = Thousands"
"Not in Labour Force: Number, Magnitude = Thousands"
"Working Age Population: Number, Magnitude = Thousands"
"Labour Force Participation Rate: Percent, Magnitude = Units"
"Unemployment Rate: Percent, Magnitude = Units"
"Employment Rate: Percent, Magnitude = Units"
"Total Labour Force: Number, Magnitude = Thousands"
""
"Footnotes:"
" "
"Symbols:"
".. figure not available"
"C: Confidential"
"E: Early Estimate"
"P: Provisional"
"R: Revised"
"S: Suppressed"
""
"Status flags are not displayed"
""
"Table reference: "
"HLF128AA"
""
"Last updated:"
"Persons Employed in Labour Force: 09 May 2013 10:45am"
"Persons Unemployed in Labour Force: 09 May 2013 10:45am"
"Not in Labour Force: 09 May 2013 10:45am"
"Working Age Population: 09 May 2013 10:45am"
"Labour Force Participation Rate: 09 May 2013 10:45am"
"Unemployment Rate: 09 May 2013 10:45am"
"Employment Rate: 09 May 2013 10:45am"
"Total Labour Force: 09 May 2013 10:45am"
""
"Source: Statistics New Zealand"
"Contact: Information Centre"
"Telephone: 0508 525 525"
"Email:info@stats.govt.nz"
""
""
""
